No,Name,Type1,Type2,Abilities,HP,Atk,Def,SpAtk,SpDef,Speed,Value,EvolutionCode,
#0001,이상해씨,풀,독,,45,49,49,65,65,45,318,16,
#0002,이상해풀,풀,독,,60,62,63,80,80,60,405,32,
#0003,이상해꽃,풀,독,,80,82,83,100,100,80,525,0,
#0003,메가이상해꽃,풀,독,,80,100,123,122,120,80,625,-1,
#0004,파이리,불꽃,,,39,52,43,60,50,65,309,16,
#0005,리자드,불꽃,,,58,64,58,80,65,80,405,36,
#0006,리자몽,불꽃,비행,,78,84,78,109,85,100,534,0,
#0006,메가리자몽X,불꽃,드래곤,,78,130,111,130,85,100,634,-101,
#0006,메가리자몽Y,불꽃,비행,,78,104,78,159,115,100,634,-102,
#0007,꼬부기,물,,,44,48,65,50,64,43,314,16,
#0008,어니부기,물,,,59,63,80,65,80,58,405,36,
#0009,거북왕,물,,,79,83,100,85,105,78,530,0,
#0009,메가거북왕,물,,,79,83,100,85,105,78,530,-1,
#0010,캐터피,벌레,,,45,30,35,20,20,45,195,,
#0011,단데기,벌레,,,50,20,55,25,25,30,205,,
#0012,버터플,벌레,비행,,60,45,50,90,80,70,395,,
#0013,뿔충이,벌레,독,,40,35,30,20,20,50,195,,
#0014,딱충이,벌레,독,,45,25,50,25,25,35,205,,
#0015,독침붕,벌레,독,,65,90,40,45,80,75,395,,
#0015,메가독침붕,벌레,독,,65,90,40,45,80,75,395,-1,
#0016,구구,노말,비행,,40,45,40,35,35,56,251,,
#0017,피죤,노말,비행,,63,60,55,50,50,71,349,,
#0018,피죤투,노말,비행,,83,80,75,70,70,101,479,,
#0018,메가피죤투,노말,비행,,83,80,75,70,70,101,479,-1,
#0019,꼬렛,노말,,,30,56,35,25,35,72,253,,
#0019,꼬렛,악,노말,,30,56,35,25,35,72,253,,
#0020,레트라,노말,,,55,81,60,50,70,97,413,,
#0020,레트라,악,노말,,55,81,60,50,70,97,413,,
#0021,깨비참,노말,비행,,40,60,30,31,31,70,262,,
#0022,깨비드릴조,노말,비행,,65,90,65,61,61,100,442,,
#0023,아보,독,,,35,60,44,40,54,55,288,,
#0024,아보크,독,,,60,95,69,65,79,80,448,,
#0025,피카츄,전기,,,35,55,40,50,50,90,320,,
#0026,라이츄,전기,,,60,90,55,90,80,110,485,,
#0026,라이츄,전기,에스퍼,,60,90,55,90,80,110,485,,
#0027,모래두지,땅,,,50,75,85,20,30,40,300,,
#0027,모래두지,얼음,강철,,50,75,85,20,30,40,300,,
#0028,고지,땅,,,75,100,110,45,55,65,450,,
#0028,고지,얼음,강철,,75,100,110,45,55,65,450,,
#0029,니드런♀,독,,,55,47,52,40,40,41,275,,
#0030,니드리나,독,,,70,62,67,55,55,56,365,,
#0031,니드퀸,독,땅,,90,92,87,75,85,76,505,,
#0032,니드런♂,독,,,46,57,40,40,40,50,273,,
#0033,니드리노,독,,,61,72,57,55,55,65,365,,
#0034,니드킹,독,땅,,81,102,77,85,75,85,505,,
#0035,삐삐,페어리,,,70,45,48,60,65,35,323,,
#0036,픽시,페어리,,,95,70,73,95,90,60,483,,
#0037,식스테일,불꽃,,,38,41,40,50,65,65,299,,
#0037,식스테일,얼음,,,38,41,40,50,65,65,299,,
#0038,나인테일,불꽃,,,73,76,75,81,100,100,505,,
#0038,나인테일,얼음,페어리,,73,76,75,81,100,100,505,,
#0039,푸린,노말,페어리,,115,45,20,45,25,20,270,,
#0040,푸크린,노말,페어리,,140,70,45,85,50,45,435,,
#0041,주뱃,독,비행,,40,45,35,30,40,55,245,,
#0042,골뱃,독,비행,,75,80,70,65,75,90,455,,
#0043,뚜벅쵸,풀,독,,45,50,55,75,65,30,320,,
#0044,냄새꼬,풀,독,,60,65,70,85,75,40,395,,
#0045,라플레시아,풀,독,,75,80,85,110,90,50,490,,
#0046,파라스,벌레,풀,,35,70,55,45,55,25,285,,
#0047,파라섹트,벌레,풀,,60,95,80,60,80,30,405,,
#0048,콘팡,벌레,독,,60,55,50,40,55,45,305,,
#0049,도나리,벌레,독,,70,65,60,90,75,90,450,,
#0050,디그다,땅,,,10,55,25,35,45,95,265,,
#0050,디그다,땅,강철,,10,55,25,35,45,95,265,,
#0051,닥트리오,땅,,,35,100,50,50,70,120,425,,
#0051,닥트리오,땅,강철,,35,100,50,50,70,120,425,,
#0052,나옹,노말,,,40,45,35,40,40,90,290,,
#0052,나옹,악,,,40,45,35,40,40,90,290,,
#0052,나옹,강철,,,40,45,35,40,40,90,290,,
#0053,페르시온,노말,,,65,70,60,65,65,115,440,,
#0053,페르시온,악,,,65,70,60,65,65,115,440,,
#0054,고라파덕,물,,,50,52,48,65,50,55,320,,
#0055,골덕,물,,,80,82,78,95,80,85,500,,
#0056,망키,격투,,,40,80,35,35,45,70,305,,
#0057,성원숭,격투,,,65,105,60,60,70,95,455,,
#0058,가디,불꽃,,,55,70,45,70,50,60,350,,
#0058,가디,불꽃,바위,,55,70,45,70,50,60,350,,
#0059,윈디,불꽃,,,90,110,80,100,80,95,555,,
#0059,윈디,불꽃,바위,,90,110,80,100,80,95,555,,
#0060,발챙이,물,,,40,50,40,40,40,90,300,,
#0061,슈륙챙이,물,,,65,65,65,50,50,90,385,,
#0062,강챙이,물,격투,,90,95,95,70,90,70,510,,
#0063,캐이시,에스퍼,,,25,20,15,105,55,90,310,,
#0064,윤겔라,에스퍼,,,40,35,30,120,70,105,400,,
#0065,후딘,에스퍼,,,55,50,45,135,95,120,500,,
#0065,메가후딘,에스퍼,,,55,50,45,135,95,120,500,-1,
#0066,알통몬,격투,,,70,80,50,35,35,35,305,,
#0067,근육몬,격투,,,80,100,70,50,60,45,405,,
#0068,괴력몬,격투,,,90,130,80,65,85,55,505,,
#0069,모다피,풀,독,,50,75,35,70,30,40,300,,
#0070,우츠동,풀,독,,65,90,50,85,45,55,390,,
#0071,우츠보트,풀,독,,80,105,65,100,70,70,490,,
#0072,왕눈해,물,독,,40,40,35,50,100,70,335,,
#0073,독파리,물,독,,80,70,65,80,120,100,515,,
#0074,꼬마돌,바위,땅,,40,80,100,30,30,20,300,,
#0074,꼬마돌,바위,전기,,40,80,100,30,30,20,300,,
#0075,데구리,바위,땅,,55,95,115,45,45,35,390,,
#0075,데구리,바위,전기,,55,95,115,45,45,35,390,,
#0076,딱구리,바위,땅,,80,120,130,55,65,45,495,,
#0076,딱구리,바위,전기,,80,120,130,55,65,45,495,,
#0077,포니타,불꽃,,,50,85,55,65,65,90,410,,
#0077,포니타,에스퍼,,,50,85,55,65,65,90,410,,
#0078,날쌩마,불꽃,,,65,100,70,80,80,105,500,,
#0078,날쌩마,에스퍼,페어리,,65,100,70,80,80,105,500,,
#0079,야돈,물,에스퍼,,90,65,65,40,40,15,315,,
#0079,야돈,에스퍼,,,90,65,65,40,40,15,315,,
#0080,야도란,물,에스퍼,,95,75,110,100,80,30,490,,
#0080,메가야도란,물,에스퍼,,95,75,110,100,80,30,490,-1,
#0080,야도란,독,에스퍼,,95,75,110,100,80,30,490,,
#0081,코일,전기,강철,,25,35,70,95,55,45,325,,
#0082,레어코일,전기,강철,,50,60,95,120,70,70,465,,
#0083,파오리,노말,비행,,52,90,55,58,62,60,377,,
#0083,파오리,격투,,,52,90,55,58,62,60,377,,
#0084,두두,노말,비행,,35,85,45,35,35,75,310,,
#0085,두트리오,노말,비행,,60,110,70,60,60,110,470,,
#0086,쥬쥬,물,,,65,45,55,45,70,45,325,,
#0087,쥬레곤,물,얼음,,90,70,80,70,95,70,475,,
#0088,질퍽이,독,,,80,80,50,40,50,25,325,,
#0088,질퍽이,독,악,,80,80,50,40,50,25,325,,
#0089,질뻐기,독,,,105,105,75,65,100,50,500,,
#0089,질뻐기,독,악,,105,105,75,65,100,50,500,,
#0090,셀러,물,,,30,65,100,45,25,40,305,,
#0091,파르셀,물,얼음,,50,95,180,85,45,70,525,,
#0092,고오스,고스트,독,,30,35,30,100,35,80,310,,
#0093,고우스트,고스트,독,,45,50,45,115,55,95,405,,
#0094,팬텀,고스트,독,,60,65,60,130,75,110,500,,
#0094,메가팬텀,고스트,독,,60,65,60,130,75,110,500,-1,
#0095,롱스톤,바위,땅,,35,45,160,30,45,70,385,,
#0096,슬리프,에스퍼,,,60,48,45,43,90,42,328,,
#0097,슬리퍼,에스퍼,,,85,73,70,73,115,67,483,,
#0098,크랩,물,,,30,105,90,25,25,50,325,,
#0099,킹크랩,물,,,55,130,115,50,50,75,475,,
#0100,찌리리공,전기,,,40,30,50,55,55,100,330,,
#0100,찌리리공,전기,풀,,40,30,50,55,55,100,330,,
#0101,붐볼,전기,,,60,50,70,80,80,150,490,,
#0101,붐볼,전기,풀,,60,50,70,80,80,150,490,,
#0102,아라리,풀,에스퍼,,60,40,80,60,45,40,325,,
#0103,나시,풀,에스퍼,,95,95,85,125,75,55,530,,
#0103,나시,풀,드래곤,,95,95,85,125,75,55,530,,
#0104,탕구리,땅,,,50,50,95,40,50,35,320,,
#0105,텅구리,땅,,,60,80,110,50,80,45,425,,
#0105,텅구리,불꽃,고스트,,60,80,110,50,80,45,425,,
#0106,시라소몬,격투,,,50,120,53,35,110,87,455,,
#0107,홍수몬,격투,,,50,105,79,35,110,76,455,,
#0108,내루미,노말,,,90,55,75,60,75,30,385,,
#0109,또가스,독,,,40,65,95,60,45,35,340,,
#0110,또도가스,독,,,65,90,120,85,70,60,490,,
#0110,또도가스,독,페어리,,65,90,120,85,70,60,490,,
#0111,뿔카노,땅,바위,,80,85,95,30,30,25,345,,
#0112,코뿌리,땅,바위,,105,130,120,45,45,40,485,,
#0113,럭키,노말,,,250,5,5,35,105,50,450,,
#0114,덩쿠리,풀,,,65,55,115,100,40,60,435,,
#0115,캥카,노말,,,105,95,80,40,80,90,490,,
#0115,메가캥카,노말,,,105,95,80,40,80,90,490,-1,
#0116,쏘드라,물,,,30,40,70,70,25,60,295,,
#0117,시드라,물,,,55,65,95,95,45,85,440,,
#0118,콘치,물,,,45,67,60,35,50,63,320,,
#0119,왕콘치,물,,,80,92,65,65,80,68,450,,
#0120,별가사리,물,,,30,45,55,70,55,85,340,,
#0121,아쿠스타,물,에스퍼,,60,75,85,100,85,115,520,,
#0122,마임맨,에스퍼,페어리,,40,45,65,100,120,90,460,,
#0122,마임맨,얼음,에스퍼,,40,45,65,100,120,90,460,,
#0123,스라크,벌레,비행,,70,110,80,55,80,105,500,,
#0124,루주라,얼음,에스퍼,,65,50,35,115,95,95,455,,
#0125,에레브,전기,,,65,83,57,95,85,105,490,,
#0126,마그마,불꽃,,,65,95,57,100,85,93,495,,
#0127,쁘사이저,벌레,,,65,125,100,55,70,85,500,,
#0127,메가쁘사이저,벌레,비행,,65,125,100,55,70,85,500,-1,
#0128,켄타로스,노말,,,75,100,95,40,70,110,490,,
#0128,켄타로스,격투,,,75,100,95,40,70,110,490,,
#0128,켄타로스,격투,불꽃,,75,100,95,40,70,110,490,,
#0128,켄타로스,격투,물,,75,100,95,40,70,110,490,,
#0129,잉어킹,물,,,20,10,55,15,20,80,200,,
#0130,갸라도스,물,비행,,95,125,79,60,100,81,540,,
#0130,메가갸라도스,물,악,,95,125,79,60,100,81,540,-1,
#0131,라프라스,물,얼음,,130,85,80,85,95,60,535,,
#0132,메타몽,노말,,,48,48,48,48,48,48,288,,
#0133,이브이,노말,,,55,55,50,45,65,55,325,,
#0134,샤미드,물,,,130,65,60,110,95,65,525,,
#0135,쥬피썬더,전기,,,65,65,60,110,95,130,525,,
#0136,부스터,불꽃,,,65,130,60,95,110,65,525,,
#0137,폴리곤,노말,,,65,60,70,85,75,40,395,,
#0138,암나이트,바위,물,,35,40,100,90,55,35,355,,
#0139,암스타,바위,물,,70,60,125,115,70,55,495,,
#0140,투구,바위,물,,30,80,90,55,45,55,355,,
#0141,투구푸스,바위,물,,60,115,105,65,70,80,495,,
#0142,프테라,바위,비행,,80,105,65,60,75,130,515,,
#0142,메가프테라,바위,비행,,80,105,65,60,75,130,515,-1,
#0143,잠만보,노말,,,160,110,65,65,110,30,540,,
#0144,프리져,얼음,비행,,90,85,100,95,125,85,580,,
#0144,프리져,에스퍼,비행,,90,85,100,95,125,85,580,,
#0145,썬더,전기,비행,,90,90,85,125,90,100,580,,
#0145,썬더,격투,비행,,90,90,85,125,90,100,580,,
#0146,파이어,불꽃,비행,,90,100,90,125,85,90,580,,
#0146,파이어,악,비행,,90,100,90,125,85,90,580,,
#0147,미뇽,드래곤,,,41,64,45,50,50,50,300,,
#0148,신뇽,드래곤,,,61,84,65,70,70,70,420,,
#0149,망나뇽,드래곤,비행,,91,134,95,100,100,80,600,,
#0150,뮤츠,에스퍼,,,106,110,90,154,90,130,680,,
#0150,메가뮤츠X,에스퍼,격투,,106,190,100,154,100,130,780,-101,
#0150,메가뮤츠Y,에스퍼,,,106,150,70,194,120,140,780,-102,
#0151,뮤,에스퍼,,,100,100,100,100,100,100,600,,
#0152,치코리타,풀,,,45,49,65,49,65,45,318,,
#0153,베이리프,풀,,,60,62,80,63,80,60,405,,
#0154,메가니움,풀,,,80,82,100,83,100,80,525,-1,
#0155,브케인,불꽃,,,39,52,43,60,50,65,309,,
#0156,마그케인,불꽃,,,58,64,58,80,65,80,405,,
#0157,블레이범,불꽃,,,78,84,78,109,85,100,534,,
#0157,블레이범,불꽃,고스트,,78,84,78,109,85,100,534,,
#0158,리아코,물,,,50,65,64,44,48,43,314,,
#0159,엘리게이,물,,,65,80,80,59,63,58,405,,
#0160,장크로다일,물,,,85,105,100,79,83,78,530,,
#0161,꼬리선,노말,,,35,46,34,35,45,20,215,,
#0162,다꼬리,노말,,,85,76,64,45,55,90,415,,
#0163,부우부,노말,비행,,60,30,30,36,56,50,262,,
#0164,야부엉,노말,비행,,100,50,50,86,96,70,452,,
#0165,레디바,벌레,비행,,40,20,30,40,80,55,265,,
#0166,레디안,벌레,비행,,55,35,50,55,110,85,390,,
#0167,페이검,벌레,독,,40,60,40,40,40,30,250,,
#0168,아리아도스,벌레,독,,70,90,70,60,70,40,400,,
#0169,크로뱃,독,비행,,85,90,80,70,80,130,535,,
#0170,초라기,물,전기,,75,38,38,56,56,67,330,,
#0171,랜턴,물,전기,,125,58,58,76,76,67,460,,
#0172,피츄,전기,,,20,40,15,35,35,60,205,,
#0173,삐,페어리,,,50,25,28,45,55,15,218,,
#0174,푸푸린,노말,페어리,,90,30,15,40,20,15,210,,
#0175,토게피,페어리,,,35,20,65,40,65,20,245,,
#0176,토게틱,페어리,비행,,55,40,85,80,105,40,405,,
#0177,네이티,에스퍼,비행,,40,50,45,70,45,70,320,,
#0178,네이티오,에스퍼,비행,,65,75,70,95,70,95,470,,
#0179,메리프,전기,,,55,40,40,65,45,35,280,,
#0180,보송송,전기,,,70,55,55,80,60,45,365,,
#0181,전룡,전기,,,90,75,85,115,90,55,510,,
#0181,메가전룡,전기,드래곤,,90,75,85,115,90,55,510,-1,
#0182,아르코,풀,,,75,80,95,90,100,50,490,,
#0183,마릴,물,페어리,,70,20,50,20,50,40,250,,
#0184,마릴리,물,페어리,,100,50,80,60,80,50,420,,
#0185,꼬지모,바위,,,70,100,115,30,65,30,410,,
#0186,왕구리,물,,,90,75,75,90,100,70,500,,
#0187,통통코,풀,비행,,35,35,40,35,55,50,250,,
#0188,두코,풀,비행,,55,45,50,45,65,80,340,,
#0189,솜솜코,풀,비행,,75,55,70,55,95,110,460,,
#0190,에이팜,노말,,,55,70,55,40,55,85,360,,
#0191,해너츠,풀,,,30,30,30,30,30,30,180,,
#0192,해루미,풀,,,75,75,55,105,85,30,425,,
#0193,왕자리,벌레,비행,,65,65,45,75,45,95,390,,
#0194,우파,물,땅,,55,45,45,25,25,15,210,,
#0194,우파,독,땅,,55,45,45,25,25,15,210,,
#0195,누오,물,땅,,95,85,85,65,65,35,430,,
#0196,에브이,에스퍼,,,65,65,60,130,95,110,525,,
#0197,블래키,악,,,95,65,110,60,130,65,525,,
#0198,니로우,악,비행,,60,85,42,85,42,91,405,,
#0199,야도킹,물,에스퍼,,95,75,80,100,110,30,490,,
#0200,무우마,고스트,,,60,60,60,85,85,85,435,,
#0201,안농,에스퍼,,,48,72,48,72,48,48,336,,
#0202,마자용,에스퍼,,,190,33,58,33,58,33,405,,
#0203,키링키,노말,에스퍼,,70,80,65,90,65,85,455,,
#0204,피콘,벌레,,,50,65,90,35,35,15,290,,
#0205,쏘콘,벌레,강철,,75,90,140,60,60,40,465,,
#0206,노고치,노말,,,100,70,70,65,65,45,415,,
#0207,글라이거,땅,비행,,65,75,105,35,65,85,430,,
#0208,강철톤,강철,땅,,75,85,200,55,65,30,510,,
#0208,메가강철톤,강철,땅,,75,85,200,55,65,30,510,-1,
#0209,블루,페어리,,,60,80,50,40,40,30,300,,
#0210,그랑블루,페어리,,,90,120,75,60,60,45,450,,
#0211,침바루,물,독,,65,95,85,55,55,85,440,,
#0211,침바루,악,독,,65,95,85,55,55,85,440,,
#0212,핫삼,벌레,강철,,70,130,100,55,80,65,500,,
#0212,메가핫삼,벌레,강철,,70,130,100,55,80,65,500,-1,
#0213,단단지,벌레,바위,,20,10,230,10,230,5,505,,
#0214,헤라크로스,벌레,격투,,80,125,75,40,95,85,500,,
#0214,메가헤라크로스,벌레,격투,,80,125,75,40,95,85,500,-1,
#0215,포푸니,악,얼음,,55,95,55,35,75,115,430,,
#0215,포푸니,격투,독,,55,95,55,35,75,115,430,,
#0216,깜지곰,노말,,,60,80,50,50,50,40,330,,
#0217,링곰,노말,,,90,130,75,75,75,55,500,,
#0218,마그마그,불꽃,,,40,40,40,70,40,20,250,,
#0219,마그카르고,불꽃,바위,,60,50,120,90,80,30,430,,
#0220,꾸꾸리,얼음,땅,,50,50,40,30,30,50,250,,
#0221,메꾸리,얼음,땅,,100,100,80,60,60,50,450,,
#0222,코산호,물,바위,,65,55,95,65,95,35,410,,
#0222,코산호,고스트,,,65,55,95,65,95,35,410,,
#0223,총어,물,,,35,65,35,65,35,65,300,,
#0224,대포무노,물,,,75,105,75,105,75,45,480,,
#0225,딜리버드,얼음,비행,,45,55,45,65,45,75,330,,
#0226,만타인,물,비행,,85,40,70,80,140,70,485,,
#0227,무장조,강철,비행,,65,80,140,40,70,70,465,,
#0228,델빌,악,불꽃,,45,60,30,80,50,65,330,,
#0229,헬가,악,불꽃,,75,90,50,110,80,95,500,,
#0229,메가헬가,악,불꽃,,75,90,50,110,80,95,500,-1,
#0230,킹드라,물,드래곤,,75,95,95,95,95,85,540,,
#0231,코코리,땅,,,90,60,60,40,40,40,330,,
#0232,코리갑,땅,,,90,120,120,60,60,50,500,,
#0233,폴리곤2,노말,,,85,80,90,105,95,60,515,,
#0234,노라키,노말,,,73,95,62,85,65,85,465,,
#0235,루브도,노말,,,55,20,35,20,45,75,250,,
#0236,배루키,격투,,,35,35,35,35,35,35,210,,
#0237,카포에라,격투,,,50,95,95,35,110,70,455,,
#0238,뽀뽀라,얼음,에스퍼,,45,30,15,85,65,65,305,,
#0239,에레키드,전기,,,45,63,37,65,55,95,360,,
#0240,마그비,불꽃,,,45,75,37,70,55,83,365,,
#0241,밀탱크,노말,,,95,80,105,40,70,100,490,,
#0242,해피너스,노말,,,255,10,10,75,135,55,540,,
#0243,라이코,전기,,,90,85,75,115,100,115,580,,
#0244,앤테이,불꽃,,,115,115,85,90,75,100,580,,
#0245,스이쿤,물,,,100,75,115,90,115,85,580,,
#0246,애버라스,바위,땅,,50,64,50,45,50,41,300,,
#0247,데기라스,바위,땅,,70,84,70,65,70,51,410,,
#0248,마기라스,바위,악,,100,134,110,95,100,61,600,,
#0248,메가마기라스,바위,악,,100,134,110,95,100,61,600,-1,
#0249,루기아,에스퍼,비행,,106,90,130,90,154,110,680,,
#0250,칠색조,불꽃,비행,,106,130,90,110,154,90,680,,
#0251,세레비,에스퍼,풀,,100,100,100,100,100,100,600,,
#0252,나무지기,풀,,,40,45,35,65,55,70,310,,
#0253,나무돌이,풀,,,50,65,45,85,65,95,405,,
#0254,나무킹,풀,,,70,85,65,105,85,120,530,,
#0254,메가나무킹,풀,드래곤,,70,85,65,105,85,120,530,-1,
#0255,아차모,불꽃,,,45,60,40,70,50,45,310,,
#0256,영치코,불꽃,격투,,60,85,60,85,60,55,405,,
#0257,번치코,불꽃,격투,,80,120,70,110,70,80,530,,
#0257,메가번치코,불꽃,격투,,80,120,70,110,70,80,530,-1,
#0258,물짱이,물,,,50,70,50,50,50,40,310,,
#0259,늪짱이,물,땅,,70,85,70,60,70,50,405,,
#0260,대짱이,물,땅,,100,110,90,85,90,60,535,,
#0260,메가대짱이,물,땅,,100,110,90,85,90,60,535,-1,
#0261,포챠나,악,,,35,55,35,30,30,35,220,,
#0262,그라에나,악,,,70,90,70,60,60,70,420,,
#0263,지그제구리,노말,,,38,30,41,30,41,60,240,,
#0263,지그제구리,악,노말,,38,30,41,30,41,60,240,,
#0264,직구리,노말,,,78,70,61,50,61,100,420,,
#0264,직구리,악,노말,,78,70,61,50,61,100,420,,
#0265,개무소,벌레,,,45,45,35,20,30,20,195,,
#0266,실쿤,벌레,,,50,35,55,25,25,15,205,,
#0267,뷰티플라이,벌레,비행,,60,70,50,100,50,65,395,,
#0268,카스쿤,벌레,,,50,35,55,25,25,15,205,,
#0269,독케일,벌레,독,,60,50,70,50,90,65,385,,
#0270,연꽃몬,물,풀,,40,30,30,40,50,30,220,,
#0271,로토스,물,풀,,60,50,50,60,70,50,340,,
#0272,로파파,물,풀,,80,70,70,90,100,70,480,,
#0273,도토링,풀,,,40,40,50,30,30,30,220,,
#0274,잎새코,풀,악,,70,70,40,60,40,60,340,,
#0275,다탱구,풀,악,,90,100,60,90,60,80,480,,
#0276,테일로,노말,비행,,40,55,30,30,30,85,270,,
#0277,스왈로,노말,비행,,60,85,60,75,50,125,455,,
#0278,갈모매,물,비행,,40,30,30,55,30,85,270,,
#0279,패리퍼,물,비행,,60,50,100,95,70,65,440,,
#0280,랄토스,에스퍼,페어리,,28,25,25,45,35,40,198,,
#0281,킬리아,에스퍼,페어리,,38,35,35,65,55,50,278,,
#0282,가디안,에스퍼,페어리,,68,65,65,125,115,80,518,,
#0282,메가가디안,에스퍼,페어리,,68,65,65,125,115,80,518,-1,
#0283,비구술,벌레,물,,40,30,32,50,52,65,269,,
#0284,비나방,벌레,비행,,70,60,62,100,82,80,454,,
#0285,버섯꼬,풀,,,60,40,60,40,60,35,295,,
#0286,버섯모,풀,격투,,60,130,80,60,60,70,460,,
#0287,게을로,노말,,,60,60,60,35,35,30,280,,
#0288,발바로,노말,,,80,80,80,55,55,90,440,,
#0289,게을킹,노말,,,150,160,100,95,65,100,670,,
#0290,토중몬,벌레,땅,,31,45,90,30,30,40,266,,
#0291,아이스크,벌레,비행,,61,90,45,50,50,160,456,,
#0292,껍질몬,벌레,고스트,,1,90,45,30,30,40,236,,
#0293,소곤룡,노말,,,64,51,23,51,23,28,240,,
#0294,노공룡,노말,,,84,71,43,71,43,48,360,,
#0295,폭음룡,노말,,,104,91,63,91,73,68,490,,
#0296,마크탕,격투,,,72,60,30,20,30,25,237,,
#0297,하리뭉,격투,,,144,120,60,40,60,50,474,,
#0298,루리리,노말,페어리,,50,20,40,20,40,20,190,,
#0299,코코파스,바위,,,30,45,135,45,90,30,375,,
#0300,에나비,노말,,,50,45,45,35,35,50,260,,
#0301,델케티,노말,,,70,65,65,55,55,90,400,,
#0302,깜까미,악,고스트,,50,75,75,65,65,50,380,,
#0302,메가깜까미,악,고스트,,50,75,75,65,65,50,380,-1,
#0303,입치트,강철,페어리,,50,85,85,55,55,50,380,,
#0303,메가입치트,강철,페어리,,50,85,85,55,55,50,380,-1,
#0304,가보리,강철,바위,,50,70,100,40,40,30,330,,
#0305,갱도라,강철,바위,,60,90,140,50,50,40,430,,
#0306,보스로라,강철,바위,,70,110,180,60,60,50,530,,
#0306,메가보스로라,강철,,,70,110,180,60,60,50,530,-1,
#0307,요가랑,격투,에스퍼,,30,40,55,40,55,60,280,,
#0308,요가램,격투,에스퍼,,60,60,75,60,75,80,410,,
#0308,메가요가램,격투,에스퍼,,60,60,75,60,75,80,410,-1,
#0309,썬더라이,전기,,,40,45,40,65,40,65,295,,
#0310,썬더볼트,전기,,,70,75,60,105,60,105,475,,
#0310,메가썬더볼트,전기,,,70,75,60,105,60,105,475,-1,
#0311,플러시,전기,,,60,50,40,85,75,95,405,,
#0312,마이농,전기,,,60,40,50,75,85,95,405,,
#0313,볼비트,벌레,,,65,73,75,47,85,85,430,,
#0314,네오비트,벌레,,,65,47,75,73,85,85,430,,
#0315,로젤리아,풀,독,,50,60,45,100,80,65,400,,
#0316,꼴깍몬,독,,,70,43,53,43,53,40,302,,
#0317,꿀꺽몬,독,,,100,73,83,73,83,55,467,,
#0318,샤프니아,물,악,,45,90,20,65,20,65,305,,
#0319,샤크니아,물,악,,70,120,40,95,40,95,460,,
#0319,메가샤크니아,물,악,,70,120,40,95,40,95,460,-1,
#0320,고래왕자,물,,,130,70,35,70,35,60,400,,
#0321,고래왕,물,,,170,90,45,90,45,60,500,,
#0322,둔타,불꽃,땅,,60,60,40,65,45,35,305,,
#0323,폭타,불꽃,땅,,70,100,70,105,75,40,460,,
#0323,메가폭타,불꽃,땅,,70,100,70,105,75,40,460,-1,
#0324,코터스,불꽃,,,70,85,140,85,70,20,470,,
#0325,피그점프,에스퍼,,,60,25,35,70,80,60,330,,
#0326,피그킹,에스퍼,,,80,45,65,90,110,80,470,,
#0327,얼루기,노말,,,60,60,60,60,60,60,360,,
#0328,톱치,땅,,,45,100,45,45,45,10,290,,
#0329,비브라바,땅,드래곤,,50,70,50,50,50,70,340,,
#0330,플라이곤,땅,드래곤,,80,100,80,80,80,100,520,,
#0331,선인왕,풀,,,50,85,40,85,40,35,335,,
#0332,밤선인,풀,악,,70,115,60,115,60,55,475,,
#0333,파비코,노말,비행,,45,40,60,40,75,50,310,,
#0334,파비코리,드래곤,비행,,75,70,90,70,105,80,490,,
#0334,메가파비코리,드래곤,페어리,,75,70,90,70,105,80,490,-1,
#0335,쟝고,노말,,,73,115,60,60,60,90,458,,
#0336,세비퍼,독,,,73,100,60,100,60,65,458,,
#0337,루나톤,바위,에스퍼,,90,55,65,95,85,70,460,,
#0338,솔록,바위,에스퍼,,90,95,85,55,65,70,460,,
#0339,미꾸리,물,땅,,50,48,43,46,41,60,288,,
#0340,메깅,물,땅,,110,78,73,76,71,60,468,,
#0341,가재군,물,,,43,80,65,50,35,35,308,,
#0342,가재장군,물,악,,63,120,85,90,55,55,468,,
#0343,오뚝군,땅,에스퍼,,40,40,55,40,70,55,300,,
#0344,점토도리,땅,에스퍼,,60,70,105,70,120,75,500,,
#0345,릴링,바위,풀,,66,41,77,61,87,23,355,,
#0346,릴리요,바위,풀,,86,81,97,81,107,43,495,,
#0347,아노딥스,바위,벌레,,45,95,50,40,50,75,355,,
#0348,아말도,바위,벌레,,75,125,100,70,80,45,495,,
#0349,빈티나,물,,,20,15,20,10,55,80,200,,
#0350,밀로틱,물,,,95,60,79,100,125,81,540,,
#0351,캐스퐁,노말,,,70,70,70,70,70,70,420,,
#0351,캐스퐁,불꽃,,,70,70,70,70,70,70,420,,
#0351,캐스퐁,물,,,70,70,70,70,70,70,420,,
#0351,캐스퐁,얼음,,,70,70,70,70,70,70,420,,
#0352,켈리몬,노말,,,60,90,70,60,120,40,440,,
#0353,어둠대신,고스트,,,44,75,35,63,33,45,295,,
#0354,다크펫,고스트,,,64,115,65,83,63,65,455,,
#0354,메가다크펫,고스트,,,64,115,65,83,63,65,455,-1,
#0355,해골몽,고스트,,,20,40,90,30,90,25,295,,
#0356,미라몽,고스트,,,40,70,130,60,130,25,455,,
#0357,트로피우스,풀,비행,,99,68,83,72,87,51,460,,
#0358,치렁,에스퍼,,,75,50,80,95,90,65,455,,
#0359,앱솔,악,,,65,130,60,75,60,75,465,,
#0359,메가앱솔,악,,,65,130,60,75,60,75,465,-1,
#0360,마자,에스퍼,,,95,23,48,23,48,23,260,,
#0361,눈꼬마,얼음,,,50,50,50,50,50,50,300,,
#0362,얼음귀신,얼음,,,80,80,80,80,80,80,480,,
#0362,메가얼음귀신,얼음,,,80,80,80,80,80,80,480,-1,
#0363,대굴레오,얼음,물,,70,40,50,55,50,25,290,,
#0364,씨레오,얼음,물,,90,60,70,75,70,45,410,,
#0365,씨카이저,얼음,물,,110,80,90,95,90,65,530,,
#0366,진주몽,물,,,35,64,85,74,55,32,345,,
#0367,헌테일,물,,,55,104,105,94,75,52,485,,
#0368,분홍장이,물,,,55,84,105,114,75,52,485,,
#0369,시라칸,물,바위,,100,90,130,45,65,55,485,,
#0370,사랑동이,물,,,43,30,55,40,65,97,330,,
#0371,아공이,드래곤,,,45,75,60,40,30,50,300,,
#0372,쉘곤,드래곤,,,65,95,100,60,50,50,420,,
#0373,보만다,드래곤,비행,,95,135,80,110,80,100,600,,
#0373,메가보만다,드래곤,비행,,95,135,80,110,80,100,600,-1,
#0374,메탕,강철,에스퍼,,40,55,80,35,60,30,300,,
#0375,메탕구,강철,에스퍼,,60,75,100,55,80,50,420,,
#0376,메타그로스,강철,에스퍼,,80,135,130,95,90,70,600,,
#0376,메가메타그로스,강철,에스퍼,,80,135,130,95,90,70,600,-1,
#0377,레지락,바위,,,80,100,200,50,100,50,580,,
#0378,레지아이스,얼음,,,80,50,100,100,200,50,580,,
#0379,레지스틸,강철,,,80,75,150,75,150,50,580,,
#0380,라티아스,드래곤,에스퍼,,80,80,90,110,130,110,600,,
#0380,메가라티아스,드래곤,에스퍼,,80,80,90,110,130,110,600,-1,
#0381,라티오스,드래곤,에스퍼,,80,90,80,130,110,110,600,,
#0381,메가라티오스,드래곤,에스퍼,,80,90,80,130,110,110,600,-1,
#0382,가이오가,물,,,100,100,90,150,140,90,670,,
#0382,원시가이오가,물,,,100,150,90,180,160,90,770,,
#0383,그란돈,땅,,,100,150,140,100,90,90,670,,
#0383,원시그란돈,땅,불꽃,,100,180,160,150,90,90,770,,
#0384,레쿠쟈,드래곤,비행,,105,150,90,150,90,95,680,,
#0384,메가레쿠쟈,드래곤,비행,,105,150,90,150,90,95,680,-1,
#0385,지라치,강철,에스퍼,,100,100,100,100,100,100,600,,
#0386,테오키스,에스퍼,,,50,150,50,150,50,150,600,,
#0386,테오키스,에스퍼,,,50,150,50,150,50,150,600,,
#0386,테오키스,에스퍼,,,50,150,50,150,50,150,600,,
#0386,테오키스,에스퍼,,,50,150,50,150,50,150,600,,
#0387,모부기,풀,,,55,68,64,45,55,31,318,,
#0388,수풀부기,풀,,,75,89,85,55,65,36,405,,
#0389,토대부기,풀,땅,,95,109,105,75,85,56,525,,
#0390,불꽃숭이,불꽃,,,44,58,44,58,44,61,309,,
#0391,파이숭이,불꽃,격투,,64,78,52,78,52,81,405,,
#0392,초염몽,불꽃,격투,,76,104,71,104,71,108,534,,
#0393,팽도리,물,,,53,51,53,61,56,40,314,,
#0394,팽태자,물,,,64,66,68,81,76,50,405,,
#0395,엠페르트,물,강철,,84,86,88,111,101,60,530,,
#0396,찌르꼬,노말,비행,,40,55,30,30,30,60,245,,
#0397,찌르버드,노말,비행,,55,75,50,40,40,80,340,,
#0398,찌르호크,노말,비행,,85,120,70,50,60,100,485,,
#0399,비버니,노말,,,59,45,40,35,40,31,250,,
#0400,비버통,노말,물,,79,85,60,55,60,71,410,,
#0401,귀뚤뚜기,벌레,,,37,25,41,25,41,25,194,,
#0402,귀뚤톡크,벌레,,,77,85,51,55,51,65,384,,
#0403,꼬링크,전기,,,45,65,34,40,34,45,263,,
#0404,럭시오,전기,,,60,85,49,60,49,60,363,,
#0405,렌트라,전기,,,80,120,79,95,79,70,523,,
#0406,꼬몽울,풀,독,,40,30,35,50,70,55,280,,
#0407,로즈레이드,풀,독,,60,70,65,125,105,90,515,,
#0408,두개도스,바위,,,67,125,40,30,30,58,350,,
#0409,램펄드,바위,,,97,165,60,65,50,58,495,,
#0410,방패톱스,바위,강철,,30,42,118,42,88,30,350,,
#0411,바리톱스,바위,강철,,60,52,168,47,138,30,495,,
#0412,도롱충이,벌레,,,40,29,45,29,45,36,224,,
#0412,도롱충이,벌레,,,40,29,45,29,45,36,224,,
#0412,도롱충이,벌레,,,40,29,45,29,45,36,224,,
#0413,도롱마담,벌레,풀,,60,59,85,79,105,36,424,,
#0413,도롱마담,벌레,땅,,60,59,85,79,105,36,424,,
#0413,도롱마담,벌레,강철,,60,59,85,79,105,36,424,,
#0414,나메일,벌레,비행,,70,94,50,94,50,66,424,,
#0415,세꿀버리,벌레,비행,,30,30,42,30,42,70,244,,
#0416,비퀸,벌레,비행,,70,80,102,80,102,40,474,,
#0417,파치리스,전기,,,60,45,70,45,90,95,405,,
#0418,브이젤,물,,,55,65,35,60,30,85,330,,
#0419,플로젤,물,,,85,105,55,85,50,115,495,,
#0420,체리버,풀,,,45,35,45,62,53,35,275,,
#0421,체리꼬,풀,,,70,60,70,87,78,85,450,,
#0422,깝질무,물,,,76,48,48,57,62,34,325,,
#0422,깝질무,물,,,76,48,48,57,62,34,325,,
#0423,트리토돈,물,땅,,111,83,68,92,82,39,475,,
#0423,트리토돈,물,땅,,111,83,68,92,82,39,475,,
#0424,겟핸보숭,노말,,,75,100,66,60,66,115,482,,
#0425,흔들풍손,고스트,비행,,90,50,34,60,44,70,348,,
#0426,둥실라이드,고스트,비행,,150,80,44,90,54,80,498,,
#0427,이어롤,노말,,,55,66,44,44,56,85,350,,
#0428,이어롭,노말,,,65,76,84,54,96,105,480,,
#0428,메가이어롭,노말,격투,,65,76,84,54,96,105,480,-1,
#0429,무우마직,고스트,,,60,60,60,105,105,105,495,,
#0430,돈크로우,악,비행,,100,125,52,105,52,71,505,,
#0431,나옹마,노말,,,49,55,42,42,37,85,310,,
#0432,몬냥이,노말,,,71,82,64,64,59,112,452,,
#0433,랑딸랑,에스퍼,,,45,30,50,65,50,45,285,,
#0434,스컹뿡,독,악,,63,63,47,41,41,74,329,,
#0435,스컹탱크,독,악,,103,93,67,71,61,84,479,,
#0436,동미러,강철,에스퍼,,57,24,86,24,86,23,300,,
#0437,동탁군,강철,에스퍼,,67,89,116,79,116,33,500,,
#0438,꼬지지,바위,,,50,80,95,10,45,10,290,,
#0439,흉내내,에스퍼,페어리,,20,25,45,70,90,60,310,,
#0440,핑복,노말,,,100,5,5,15,65,30,220,,
#0441,페라페,노말,비행,,76,65,45,92,42,91,411,,
#0442,화강돌,고스트,악,,50,92,108,92,108,35,485,,
#0443,딥상어동,드래곤,땅,,58,70,45,40,45,42,300,,
#0444,한바이트,드래곤,땅,,68,90,65,50,55,82,410,,
#0445,한카리아스,드래곤,땅,,108,130,95,80,85,102,600,,
#0445,메가한카리아스,드래곤,땅,,108,130,95,80,85,102,600,-1,
#0446,먹고자,노말,,,135,85,40,40,85,5,390,,
#0447,리오르,격투,,,40,70,40,35,40,60,285,,
#0448,루카리오,격투,강철,,70,110,70,115,70,90,525,,
#0448,메가루카리오,격투,강철,,70,110,70,115,70,90,525,-1,
#0449,히포포타스,땅,,,68,72,78,38,42,32,330,,
#0450,하마돈,땅,,,108,112,118,68,72,47,525,,
#0451,스콜피,독,벌레,,40,50,90,30,55,65,330,,
#0452,드래피온,독,악,,70,90,110,60,75,95,500,,
#0453,삐딱구리,독,격투,,48,61,40,61,40,50,300,,
#0454,독개굴,독,격투,,83,106,65,86,65,85,490,,
#0455,무스틈니,풀,,,74,100,72,90,72,46,454,,
#0456,형광어,물,,,49,49,56,49,61,66,330,,
#0457,네오라이트,물,,,69,69,76,69,86,91,460,,
#0458,타만타,물,비행,,45,20,50,60,120,50,345,,
#0459,눈쓰개,풀,얼음,,60,62,50,62,60,40,334,,
#0460,눈설왕,풀,얼음,,90,92,75,92,85,60,494,,
#0460,메가눈설왕,풀,얼음,,90,92,75,92,85,60,494,-1,
#0461,포푸니라,악,얼음,,70,120,65,45,85,125,510,,
#0462,자포코일,전기,강철,,70,70,115,130,90,60,535,,
#0463,내룸벨트,노말,,,110,85,95,80,95,50,515,,
#0464,거대코뿌리,땅,바위,,115,140,130,55,55,40,535,,
#0465,덩쿠림보,풀,,,100,100,125,110,50,50,535,,
#0466,에레키블,전기,,,75,123,67,95,85,95,540,,
#0467,마그마번,불꽃,,,75,95,67,125,95,83,540,,
#0468,토게키스,페어리,비행,,85,50,95,120,115,80,545,,
#0469,메가자리,벌레,비행,,86,76,86,116,56,95,515,0,
#0470,리피아,풀,,,65,110,130,60,65,95,525,,
#0471,글레이시아,얼음,,,65,60,110,130,95,65,525,,
#0472,글라이온,땅,비행,,75,95,125,45,75,95,510,,
#0473,맘모꾸리,얼음,땅,,110,130,80,70,60,80,530,,
#0474,폴리곤Z,노말,,,85,80,70,135,75,90,535,,
#0475,엘레이드,에스퍼,격투,,68,125,65,65,115,80,518,,
#0475,메가엘레이드,에스퍼,격투,,68,125,65,65,115,80,518,-1,
#0476,대코파스,바위,강철,,60,55,145,75,150,40,525,,
#0477,야느와르몽,고스트,,,45,100,135,65,135,45,525,,
#0478,눈여아,얼음,고스트,,70,80,70,80,70,110,480,,
#0479,로토무,전기,고스트,,50,50,77,95,77,91,440,,
#0479,로토무,전기,불꽃,,50,50,77,95,77,91,440,,
#0479,로토무,전기,물,,50,50,77,95,77,91,440,,
#0479,로토무,전기,얼음,,50,50,77,95,77,91,440,,
#0479,로토무,전기,비행,,50,50,77,95,77,91,440,,
#0479,로토무,전기,풀,,50,50,77,95,77,91,440,,
#0480,유크시,에스퍼,,,75,75,130,75,130,95,580,,
#0481,엠라이트,에스퍼,,,80,105,105,105,105,80,580,,
#0482,아그놈,에스퍼,,,75,125,70,125,70,115,580,,
#0483,디아루가,강철,드래곤,,100,120,120,150,100,90,680,,
#0483,디아루가,강철,드래곤,,100,120,120,150,100,90,680,,
#0484,펄기아,물,드래곤,,90,120,100,150,120,100,680,,
#0484,펄기아,물,드래곤,,90,120,100,150,120,100,680,,
#0485,히드런,불꽃,강철,,91,90,106,130,106,77,600,,
#0486,레지기가스,노말,,,110,160,110,80,110,100,670,,
#0487,기라티나,고스트,드래곤,,150,100,120,100,120,90,680,,
#0487,기라티나,고스트,드래곤,,150,100,120,100,120,90,680,,
#0488,크레세리아,에스퍼,,,120,70,110,75,120,85,580,,
#0489,피오네,물,,,80,80,80,80,80,80,480,,
#0490,마나피,물,,,100,100,100,100,100,100,600,,
#0491,다크라이,악,,,70,90,90,135,90,125,600,,
#0492,쉐이미,풀,,,100,100,100,100,100,100,600,,
#0492,쉐이미,풀,비행,,100,100,100,100,100,100,600,,
#0493,아르세우스,노말,,,120,120,120,120,120,120,720,,
#0494,비크티니,에스퍼,불꽃,,100,100,100,100,100,100,600,,
#0495,주리비얀,풀,,,45,45,55,45,55,63,308,,
#0496,샤비,풀,,,60,60,75,60,75,83,413,,
#0497,샤로다,풀,,,75,75,95,75,95,113,528,,
#0498,뚜꾸리,불꽃,,,65,63,45,45,45,45,308,,
#0499,차오꿀,불꽃,격투,,90,93,55,70,55,55,418,,
#0500,염무왕,불꽃,격투,,110,123,65,100,65,65,528,,
#0501,수댕이,물,,,55,55,45,63,45,45,308,,
#0502,쌍검자비,물,,,75,75,60,83,60,60,413,,
#0503,대검귀,물,,,95,100,85,108,70,70,528,,
#0503,대검귀,물,악,,95,100,85,108,70,70,528,,
#0504,보르쥐,노말,,,45,55,39,35,39,42,255,,
#0505,보르그,노말,,,60,85,69,60,69,77,420,,
#0506,요테리,노말,,,45,60,45,25,45,55,275,,
#0507,하데리어,노말,,,65,80,65,35,65,60,370,,
#0508,바랜드,노말,,,85,110,90,45,90,80,500,,
#0509,쌔비냥,악,,,41,50,37,50,37,66,281,,
#0510,레파르다스,악,,,64,88,50,88,50,106,446,,
#0511,야나프,풀,,,50,53,48,53,48,64,316,,
#0512,야나키,풀,,,75,98,63,98,63,101,498,,
#0513,바오프,불꽃,,,50,53,48,53,48,64,316,,
#0514,바오키,불꽃,,,75,98,63,98,63,101,498,,
#0515,앗차프,물,,,50,53,48,53,48,64,316,,
#0516,앗차키,물,,,75,98,63,98,63,101,498,,
#0517,몽나,에스퍼,,,76,25,45,67,55,24,292,,
#0518,몽얌나,에스퍼,,,116,55,85,107,95,29,487,,
#0519,콩둘기,노말,비행,,50,55,50,36,30,43,264,,
#0520,유토브,노말,비행,,62,77,62,50,42,65,358,,
#0521,켄호로우,노말,비행,,80,115,80,65,55,93,488,,
#0521,켄호로우,노말,비행,,80,115,80,65,55,93,488,,
#0522,줄뮤마,전기,,,45,60,32,50,32,76,295,,
#0523,제브라이카,전기,,,75,100,63,80,63,116,497,,
#0524,단굴,바위,,,55,75,85,25,25,15,280,,
#0525,암트르,바위,,,70,105,105,50,40,20,390,,
#0526,기가이어스,바위,,,85,135,130,60,80,25,515,,
#0527,또르박쥐,에스퍼,비행,,65,45,43,55,43,72,323,,
#0528,맘박쥐,에스퍼,비행,,67,57,55,77,55,114,425,,
#0529,두더류,땅,,,60,85,40,30,45,68,328,,
#0530,몰드류,땅,강철,,110,135,60,50,65,88,508,,
#0531,다부니,노말,,,103,60,86,60,86,50,445,,
#0531,메가다부니,노말,페어리,,103,60,86,60,86,50,445,-1,
#0532,으랏차,격투,,,75,80,55,25,35,35,305,,
#0533,토쇠골,격투,,,85,105,85,40,50,40,405,,
#0534,노보청,격투,,,105,140,95,55,65,45,505,,
#0535,동챙이,물,,,50,50,40,50,40,64,294,,
#0536,두까비,물,땅,,75,65,55,65,55,69,384,,
#0537,두빅굴,물,땅,,105,95,75,85,75,74,509,,
#0538,던지미,격투,,,120,100,85,30,85,45,465,,
#0539,타격귀,격투,,,75,125,75,30,75,85,465,,
#0540,두르보,벌레,풀,,45,53,70,40,60,42,310,,
#0541,두르쿤,벌레,풀,,55,63,90,50,80,42,380,,
#0542,모아머,벌레,풀,,75,103,80,70,80,92,500,,
#0543,마디네,벌레,독,,30,45,59,30,39,57,260,,
#0544,휠구,벌레,독,,40,55,99,40,79,47,360,,
#0545,펜드라,벌레,독,,60,100,89,55,69,112,485,,
#0546,소미안,풀,페어리,,40,27,60,37,50,66,280,,
#0547,엘풍,풀,페어리,,60,67,85,77,75,116,480,,
#0548,치릴리,풀,,,45,35,50,70,50,30,280,,
#0549,드레디어,풀,,,70,60,75,110,75,90,480,,
#0549,드레디어,풀,격투,,70,60,75,110,75,90,480,,
#0550,배쓰나이,물,,,70,92,65,80,55,98,460,,
#0550,배쓰나이,물,,,70,92,65,80,55,98,460,,
#0550,배쓰나이,물,,,70,92,65,80,55,98,460,,
#0551,깜눈크,땅,악,,50,72,35,35,35,65,292,,
#0552,악비르,땅,악,,60,82,45,45,45,74,351,,
#0553,악비아르,땅,악,,95,117,80,65,70,92,519,,
#0554,달막화,불꽃,,,70,90,45,15,45,50,315,,
#0554,달막화,얼음,,,70,90,45,15,45,50,315,,
#0555,불비달마,불꽃,,,105,140,55,30,55,95,480,,
#0555,불비달마,불꽃,에스퍼,,105,140,55,30,55,95,480,,
#0555,불비달마,얼음,,,105,140,55,30,55,95,480,,
#0555,불비달마,얼음,불꽃,,105,140,55,30,55,95,480,,
#0556,마라카치,풀,,,75,86,67,106,67,60,461,,
#0557,돌살이,벌레,바위,,50,65,85,35,35,55,325,,
#0558,암팰리스,벌레,바위,,70,105,125,65,75,45,485,,
#0559,곤율랭,악,격투,,50,75,70,35,70,48,348,,
#0560,곤율거니,악,격투,,65,90,115,45,115,58,488,,
#0561,심보러,에스퍼,비행,,72,58,80,103,80,97,490,,
#0562,데스마스,고스트,,,38,30,85,55,65,30,303,,
#0562,데스마스,땅,고스트,,38,30,85,55,65,30,303,,
#0563,데스니칸,고스트,,,58,50,145,95,105,30,483,,
#0564,프로토가,물,바위,,54,78,103,53,45,22,355,,
#0565,늑골라,물,바위,,74,108,133,83,65,32,495,,
#0566,아켄,바위,비행,,55,112,45,74,45,70,401,,
#0567,아케오스,바위,비행,,75,140,65,112,65,110,567,,
#0568,깨봉이,독,,,50,50,62,40,62,65,329,,
#0569,더스트나,독,,,80,95,82,60,82,75,474,,
#0570,조로아,악,,,40,65,40,80,40,65,330,,
#0570,조로아,노말,고스트,,40,65,40,80,40,65,330,,
#0571,조로아크,악,,,60,105,60,120,60,105,510,,
#0571,조로아크,노말,고스트,,60,105,60,120,60,105,510,,
#0572,치라미,노말,,,55,50,40,40,40,75,300,,
#0573,치라치노,노말,,,75,95,60,65,60,115,470,,
#0574,고디탱,에스퍼,,,45,30,50,55,65,45,290,,
#0575,고디보미,에스퍼,,,60,45,70,75,85,55,390,,
#0576,고디모아젤,에스퍼,,,70,55,95,95,110,65,490,,
#0577,유니란,에스퍼,,,45,30,40,105,50,20,290,,
#0578,듀란,에스퍼,,,65,40,50,125,60,30,370,,
#0579,란쿨루스,에스퍼,,,110,65,75,125,85,30,490,,
#0580,꼬지보리,물,비행,,62,44,50,44,50,55,305,,
#0581,스완나,물,비행,,75,87,63,87,63,98,473,,
#0582,바닐프티,얼음,,,36,50,50,65,60,44,305,,
#0583,바닐리치,얼음,,,51,65,65,80,75,59,395,,
#0584,배바닐라,얼음,,,71,95,85,110,95,79,535,,
#0585,사철록,노말,풀,,60,60,50,40,50,75,335,,
#0586,바라철록,노말,풀,,80,100,70,60,70,95,475,,
#0587,에몽가,전기,비행,,55,75,60,75,60,103,428,,
#0588,딱정곤,벌레,,,50,75,45,40,45,60,315,,
#0589,슈바르고,벌레,강철,,70,135,105,60,105,20,495,,
#0590,깜놀버슬,풀,독,,69,55,45,55,55,15,294,,
#0591,뽀록나,풀,독,,114,85,70,85,80,30,464,,
#0592,탱그릴,물,고스트,,55,40,50,65,85,40,335,,
#0592,탱그릴,물,고스트,,55,40,50,65,85,40,335,,
#0593,탱탱겔,물,고스트,,100,60,70,85,105,60,480,,
#0593,탱탱겔,물,고스트,,100,60,70,85,105,60,480,,
#0594,맘복치,물,,,165,75,80,40,45,65,470,,
#0595,파쪼옥,벌레,전기,,50,47,50,57,50,65,319,,
#0596,전툴라,벌레,전기,,70,77,60,97,60,108,472,,
#0597,철시드,풀,강철,,44,50,91,24,86,10,305,,
#0598,너트령,풀,강철,,74,94,131,54,116,20,489,,
#0599,기어르,강철,,,40,55,70,45,60,30,300,,
#0600,기기어르,강철,,,60,80,95,70,85,50,440,,
#0601,기기기어르,강철,,,60,100,115,70,85,90,520,,
#0602,저리어,전기,,,35,55,40,45,40,60,275,,
#0603,저리릴,전기,,,65,85,70,75,70,40,405,,
#0604,저리더프,전기,,,85,115,80,105,80,50,515,,
#0605,리그레,에스퍼,,,55,55,55,85,55,30,335,,
#0606,벰크,에스퍼,,,75,75,75,125,95,40,485,,
#0607,불켜미,고스트,불꽃,,50,30,55,65,55,20,275,,
#0608,램프라,고스트,불꽃,,60,40,60,95,60,55,370,,
#0609,샹델라,고스트,불꽃,,60,55,90,145,90,80,520,,
#0610,터검니,드래곤,,,46,87,60,30,40,57,320,,
#0611,액슨도,드래곤,,,66,117,70,40,50,67,410,,
#0612,액스라이즈,드래곤,,,76,147,90,60,70,97,540,,
#0613,코고미,얼음,,,55,70,40,60,40,40,305,,
#0614,툰베어,얼음,,,95,130,80,70,80,50,505,,
#0615,프리지오,얼음,,,80,50,50,95,135,105,515,,
#0616,쪼마리,벌레,,,50,40,85,40,65,25,305,,
#0617,어지리더,벌레,,,80,70,40,100,60,145,495,,
#0618,메더,땅,전기,,109,66,84,81,99,32,471,,
#0618,메더,땅,강철,,109,66,84,81,99,32,471,,
#0619,비조푸,격투,,,45,85,50,55,50,65,350,,
#0620,비조도,격투,,,65,125,60,95,60,105,510,,
#0621,크리만,드래곤,,,77,120,90,60,90,48,485,,
#0622,골비람,땅,고스트,,59,74,50,35,50,35,303,,
#0623,골루그,땅,고스트,,89,124,80,55,80,55,483,,
#0624,자망칼,악,강철,,45,85,70,40,40,60,340,,
#0625,절각참,악,강철,,65,125,100,60,70,70,490,,
#0626,버프론,노말,,,95,110,95,40,95,55,490,,
#0627,수리둥보,노말,비행,,70,83,50,37,50,60,350,,
#0628,워글,노말,비행,,100,123,75,57,75,80,510,,
#0628,워글,에스퍼,비행,,100,123,75,57,75,80,510,,
#0629,벌차이,악,비행,,70,55,75,45,65,60,370,,
#0630,버랜지나,악,비행,,110,65,105,55,95,80,510,,
#0631,앤티골,불꽃,,,85,97,66,105,66,65,484,,
#0632,아이앤트,벌레,강철,,58,109,112,48,48,109,484,,
#0633,모노두,악,드래곤,,52,65,50,45,50,38,300,,
#0634,디헤드,악,드래곤,,72,85,70,65,70,58,420,,
#0635,삼삼드래,악,드래곤,,92,105,90,125,90,98,600,,
#0636,활화르바,벌레,불꽃,,55,85,55,50,55,60,360,,
#0637,불카모스,벌레,불꽃,,85,60,65,135,105,100,550,,
#0638,코바르온,강철,격투,,91,90,129,90,72,108,580,,
#0639,테라키온,바위,격투,,91,129,90,72,90,108,580,,
#0640,비리디온,풀,격투,,91,90,72,90,129,108,580,,
#0641,토네로스,비행,,,79,115,70,125,80,111,580,,
#0641,토네로스,비행,,,79,115,70,125,80,111,580,,
#0642,볼트로스,전기,비행,,79,115,70,125,80,111,580,,
#0642,볼트로스,전기,비행,,79,115,70,125,80,111,580,,
#0643,레시라무,드래곤,불꽃,,100,120,100,150,120,90,680,,
#0644,제크로무,드래곤,전기,,100,150,120,120,100,90,680,,
#0645,랜드로스,땅,비행,,89,125,90,115,80,101,600,,
#0645,랜드로스,땅,비행,,89,125,90,115,80,101,600,,
#0646,큐레무,드래곤,얼음,,125,130,90,130,90,95,660,,
#0646,큐레무,드래곤,얼음,,125,130,90,130,90,95,660,,
#0646,큐레무,드래곤,얼음,,125,130,90,130,90,95,660,,
#0647,케르디오,물,격투,,91,72,90,129,90,108,580,,
#0648,메로엣타,노말,에스퍼,,100,77,77,128,128,90,600,,
#0648,메로엣타,노말,격투,,100,77,77,128,128,90,600,,
#0649,게노세크트,벌레,강철,,71,120,95,120,95,99,600,,
#0650,도치마론,풀,,,56,61,65,48,45,38,313,,
#0651,도치보구,풀,,,61,78,95,56,58,57,405,,
#0652,브리가론,풀,격투,,88,107,122,74,75,64,530,,
#0653,푸호꼬,불꽃,,,40,45,40,62,60,60,307,,
#0654,테르나,불꽃,,,59,59,58,90,70,73,409,,
#0655,마폭시,불꽃,에스퍼,,75,69,72,114,100,104,534,,
#0656,개구마르,물,,,41,56,40,62,44,71,314,,
#0657,개굴반장,물,,,54,63,52,83,56,97,405,,
#0658,개굴닌자,물,악,,72,95,67,103,71,122,530,,
#0659,파르빗,노말,,,38,36,38,32,36,57,237,,
#0660,파르토,노말,땅,,85,56,77,50,77,78,423,,
#0661,화살꼬빈,노말,비행,,45,50,43,40,38,62,278,,
#0662,불화살빈,불꽃,비행,,62,73,55,56,52,84,382,,
#0663,파이어로,불꽃,비행,,78,81,71,74,69,126,499,,
#0664,분이벌레,벌레,,,38,35,40,27,25,35,200,,
#0665,분떠도리,벌레,,,45,22,60,27,30,29,213,,
#0666,비비용,벌레,비행,,80,52,50,90,50,89,411,,
#0667,레오꼬,불꽃,노말,,62,50,58,73,54,72,369,,
#0668,화염레오,불꽃,노말,,86,68,72,109,66,106,507,,
#0669,플라베베,페어리,,,44,38,39,61,79,42,303,,
#0670,플라엣테,페어리,,,54,45,47,75,98,52,371,,
#0671,플라제스,페어리,,,78,65,68,112,154,75,552,,
#0672,메이클,풀,,,66,65,48,62,57,52,350,,
#0673,고고트,풀,,,123,100,62,97,81,68,531,,
#0674,판짱,격투,,,67,82,62,46,48,43,348,,
#0675,부란다,격투,악,,95,124,78,69,71,58,495,,
#0676,트리미앙,노말,,,75,80,60,65,90,102,472,,
#0677,냐스퍼,에스퍼,,,62,48,54,63,60,68,355,,
#0678,냐오닉스,에스퍼,,,74,48,76,83,81,104,466,,
#0679,단칼빙,강철,고스트,,45,80,100,35,37,28,325,,
#0680,쌍검킬,강철,고스트,,59,110,150,45,49,35,448,,
#0681,킬가르도,강철,고스트,,60,50,140,50,140,60,500,,
#0682,슈쁘,페어리,,,78,52,60,63,65,23,341,,
#0683,프레프티르,페어리,,,101,72,72,99,89,29,462,,
#0684,나룸퍼프,페어리,,,62,48,66,59,57,49,341,,
#0685,나루림,페어리,,,82,80,86,85,75,72,480,,
#0686,오케이징,악,에스퍼,,53,54,53,37,46,45,288,,
#0687,칼라마네로,악,에스퍼,,86,92,88,68,75,73,482,,
#0688,거북손손,바위,물,,42,52,67,39,56,50,306,,
#0689,거북손데스,바위,물,,72,105,115,54,86,68,500,,
#0690,수레기,독,물,,50,60,60,60,60,30,320,,
#0691,드래캄,독,드래곤,,65,75,90,97,123,44,494,,
#0692,완철포,물,,,50,53,62,58,63,44,330,,
#0693,블로스터,물,,,71,73,88,120,89,59,500,,
#0694,목도리키텔,전기,노말,,44,38,33,61,43,70,289,,
#0695,일레도리자드,전기,노말,,62,55,52,109,94,109,481,,
#0696,티고라스,바위,드래곤,,58,89,77,45,45,48,362,,
#0697,견고라스,바위,드래곤,,82,121,119,69,59,71,521,,
#0698,아마루스,바위,얼음,,77,59,50,67,63,46,362,,
#0699,아마루르가,바위,얼음,,123,77,72,99,92,58,521,,
#0700,님피아,페어리,,,95,65,65,110,130,60,525,,
#0701,루차불,격투,비행,,78,92,75,74,63,118,500,,
#0702,데덴네,전기,페어리,,67,58,57,81,67,101,431,,
#0703,멜리시,바위,페어리,,50,50,150,50,150,50,500,,
#0704,미끄메라,드래곤,,,45,50,35,55,75,40,300,,
#0705,미끄네일,드래곤,,,68,75,53,83,113,60,452,,
#0705,미끄네일,드래곤,강철,,68,75,53,83,113,60,452,,
#0706,미끄래곤,드래곤,,,90,100,70,110,150,80,600,,
#0706,미끄래곤,드래곤,강철,,90,100,70,110,150,80,600,,
#0707,클레피,강철,페어리,,57,80,91,80,87,75,470,,
#0708,나목령,고스트,풀,,43,70,48,50,60,38,309,,
#0709,대로트,고스트,풀,,85,110,76,65,82,56,474,,
#0710,호바귀,고스트,풀,,49,66,70,44,55,51,335,,
#0711,펌킨인,고스트,풀,,65,90,122,58,75,84,494,,
#0712,꽁어름,얼음,,,55,69,85,32,35,28,304,,
#0713,크레베이스,얼음,,,95,117,184,44,46,28,514,,
#0713,크레베이스,얼음,바위,,95,117,184,44,46,28,514,,
#0714,음뱃,비행,드래곤,,40,30,35,45,40,55,245,,
#0715,음번,비행,드래곤,,85,70,80,97,80,123,535,,
#0716,제르네아스,페어리,,,126,131,95,131,98,99,680,,
#0717,이벨타르,악,비행,,126,131,95,131,98,99,680,,
#0718,지가르데,드래곤,땅,,108,100,121,81,95,95,600,,
#0719,디안시,바위,페어리,,50,100,150,100,150,50,600,,
#0719,메가디안시,바위,페어리,,50,100,150,100,150,50,600,-1,
#0720,후파,에스퍼,고스트,,80,110,60,150,130,70,600,,
#0720,후파,에스퍼,악,,80,110,60,150,130,70,600,,
#0721,볼케니온,불꽃,물,,80,110,120,130,90,70,600,,
#0722,나몰빼미,풀,비행,,68,55,55,50,50,42,320,,
#0723,빼미스로우,풀,비행,,78,75,75,70,70,52,420,,
#0724,모크나이퍼,풀,고스트,,78,107,75,100,100,70,530,,
#0724,모크나이퍼,풀,격투,,78,107,75,100,100,70,530,,
#0725,냐오불,불꽃,,,45,65,40,60,40,70,320,,
#0726,냐오히트,불꽃,,,65,85,50,80,50,90,420,,
#0727,어흥염,불꽃,악,,95,115,90,80,90,60,530,,
#0728,누리공,물,,,50,54,54,66,56,40,320,,
#0729,키요공,물,,,60,69,69,91,81,50,420,,
#0730,누리레느,물,페어리,,80,74,74,126,116,60,530,,
#0731,콕코구리,노말,비행,,35,75,30,30,30,65,265,,
#0732,크라파,노말,비행,,55,85,50,40,50,75,355,,
#0733,왕큰부리,노말,비행,,80,120,75,75,75,60,485,,
#0734,영구스,노말,,,48,70,30,30,30,45,253,,
#0735,형사구스,노말,,,88,110,60,55,60,45,418,,
#0736,턱지충이,벌레,,,47,62,45,55,45,46,300,,
#0737,전지충이,벌레,전기,,57,82,95,55,75,36,400,,
#0738,투구뿌논,벌레,전기,,77,70,90,145,75,43,500,,
#0739,오기지게,격투,,,47,82,57,42,47,63,338,,
#0740,모단단게,격투,얼음,,97,132,77,62,67,43,478,,
#0741,춤추새,불꽃,비행,,75,70,70,98,70,93,476,,
#0741,춤추새,전기,비행,,75,70,70,98,70,93,476,,
#0741,춤추새,에스퍼,비행,,75,70,70,98,70,93,476,,
#0741,춤추새,고스트,비행,,75,70,70,98,70,93,476,,
#0742,에블리,벌레,페어리,,40,45,40,55,40,84,304,,
#0743,에리본,벌레,페어리,,60,55,60,95,70,124,464,,
#0744,암멍이,바위,,,45,65,40,30,40,60,280,,
#0745,루가루암,바위,,,75,115,65,55,65,112,487,,
#0745,루가루암,바위,,,75,115,65,55,65,112,487,,
#0745,루가루암,바위,,,75,115,65,55,65,112,487,,
#0746,약어리,물,,,45,20,20,25,25,40,175,,
#0746,약어리,물,,,45,20,20,25,25,40,175,,
#0747,시마사리,독,물,,50,53,62,43,52,45,305,,
#0748,더시마사리,독,물,,50,63,152,53,142,35,495,,
#0749,머드나기,땅,,,70,100,70,45,55,45,385,,
#0750,만마드,땅,,,100,125,100,55,85,35,500,,
#0751,물거미,물,벌레,,38,40,52,40,72,27,269,,
#0752,깨비물거미,물,벌레,,68,70,92,50,132,42,454,,
#0753,짜랑랑,풀,,,40,55,35,50,35,35,250,,
#0754,라란티스,풀,,,70,105,90,80,90,45,480,,
#0755,자마슈,풀,페어리,,40,35,55,65,75,15,285,,
#0756,마셰이드,풀,페어리,,60,45,80,90,100,30,405,,
#0757,야도뇽,독,불꽃,,48,44,40,71,40,77,320,,
#0758,염뉴트,독,불꽃,,68,64,60,111,60,117,480,,
#0759,포곰곰,노말,격투,,70,75,50,45,50,50,340,,
#0760,이븐곰,노말,격투,,120,125,80,55,60,60,500,,
#0761,달콤아,풀,,,42,30,38,30,38,32,210,,
#0762,달무리나,풀,,,52,40,48,40,48,62,290,,
#0763,달코퀸,풀,,,72,120,98,50,98,72,510,,
#0764,큐아링,페어리,,,51,52,90,82,110,100,485,,
#0765,하랑우탄,노말,에스퍼,,90,60,80,90,110,60,490,,
#0766,내던숭이,격투,,,100,120,90,40,60,80,490,,
#0767,꼬시레,벌레,물,,25,35,40,20,30,80,230,,
#0768,갑주무사,벌레,물,,75,125,140,60,90,40,530,,
#0769,모래꿍,고스트,땅,,55,55,80,70,45,15,320,,
#0770,모래성이당,고스트,땅,,85,75,110,100,75,35,480,,
#0771,해무기,물,,,55,60,130,30,130,5,410,,
#0772,타입:널,노말,,,95,95,95,95,95,59,534,,
#0773,실버디,노말,,,95,95,95,95,95,95,570,,
#0774,메테노,바위,비행,,60,60,100,60,100,60,440,,
#0774,메테노,바위,비행,,60,60,100,60,100,60,440,,
#0775,자말라,노말,,,65,115,65,75,95,65,480,,
#0776,폭거북스,불꽃,드래곤,,60,78,135,91,85,36,485,,
#0777,토게데마루,전기,강철,,65,98,63,40,73,96,435,,
#0778,따라큐,고스트,페어리,,55,90,80,50,105,96,476,,
#0779,치갈기,물,에스퍼,,68,105,70,70,70,92,475,,
#0780,할비롱,노말,드래곤,,78,60,85,135,91,36,485,,
#0781,타타륜,고스트,풀,,70,131,100,86,90,40,517,,
#0782,짜랑꼬,드래곤,,,45,55,65,45,45,45,300,,
#0783,짜랑고우,드래곤,격투,,55,75,90,65,70,65,420,,
#0784,짜랑고우거,드래곤,격투,,75,110,125,100,105,85,600,,
#0785,카푸꼬꼬꼭,전기,페어리,,70,115,85,95,75,130,570,,
#0786,카푸나비나,에스퍼,페어리,,70,85,75,130,115,95,570,,
#0787,카푸브루루,풀,페어리,,70,130,115,85,95,75,570,,
#0788,카푸느지느,물,페어리,,70,75,115,95,130,85,570,,
#0789,코스모그,에스퍼,,,43,29,31,29,31,37,200,,
#0790,코스모움,에스퍼,,,43,29,131,29,131,37,400,,
#0791,솔가레오,에스퍼,강철,,137,137,107,113,89,97,680,,
#0792,루나아라,에스퍼,고스트,,137,113,89,137,107,97,680,,
#0793,텅비드,바위,독,,109,53,47,127,131,103,570,,
#0794,매시붕,벌레,격투,,107,139,139,53,53,79,570,,
#0795,페로코체,벌레,격투,,71,137,37,137,37,151,570,,
#0796,전수목,전기,,,83,89,71,173,71,83,570,,
#0797,철화구야,강철,비행,,97,101,103,107,101,61,570,,
#0798,종이신도,풀,강철,,59,181,131,59,31,109,570,,
#0799,악식킹,악,드래곤,,223,101,53,97,53,43,570,,
#0800,네크로즈마,에스퍼,,,97,107,101,127,89,79,600,,
#0800,네크로즈마,에스퍼,강철,,97,107,101,127,89,79,600,,
#0800,네크로즈마,에스퍼,고스트,,97,107,101,127,89,79,600,,
#0800,네크로즈마,에스퍼,드래곤,,97,107,101,127,89,79,600,,
#0801,마기아나,강철,페어리,,80,95,115,130,115,65,600,,
#0802,마샤도,격투,고스트,,90,125,80,90,90,125,600,,
#0803,베베놈,독,,,67,73,67,73,67,73,420,,
#0804,아고용,독,드래곤,,73,73,73,127,73,121,540,,
#0805,차곡차곡,바위,강철,,61,131,211,53,101,13,570,,
#0806,두파팡,불꽃,고스트,,53,127,53,151,79,107,570,,
#0807,제라오라,전기,,,88,112,75,102,80,143,600,,
#0808,멜탄,강철,,,46,65,65,55,35,34,300,,
#0809,멜메탈,강철,,,135,143,143,80,65,34,600,,
#0810,흥나숭,풀,,,50,65,50,40,40,65,310,,
#0811,채키몽,풀,,,70,85,70,55,60,80,420,,
#0812,고릴타,풀,,,100,125,90,60,70,85,530,,
#0813,염버니,불꽃,,,50,71,40,40,40,69,310,,
#0814,래비풋,불꽃,,,65,86,60,55,60,94,420,,
#0815,에이스번,불꽃,,,80,116,75,65,75,119,530,,
#0816,울머기,물,,,50,40,40,70,40,70,310,,
#0817,누겔레온,물,,,65,60,55,95,55,90,420,,
#0818,인텔리레온,물,,,70,85,65,125,65,120,530,,
#0819,탐리스,노말,,,70,55,55,35,35,25,275,,
#0820,요씽리스,노말,,,120,95,95,55,75,20,460,,
#0821,파라꼬,비행,,,38,47,35,33,35,57,245,,
#0822,파크로우,비행,,,68,67,55,43,55,77,365,,
#0823,아머까오,비행,강철,,98,87,105,53,85,67,495,,
#0824,두루지벌레,벌레,,,25,20,20,25,45,45,180,,
#0825,레돔벌레,벌레,에스퍼,,50,35,80,50,90,30,335,,
#0826,이올브,벌레,에스퍼,,60,45,110,80,120,90,505,,
#0827,훔처우,악,,,40,28,28,47,52,50,245,,
#0828,폭슬라이,악,,,70,58,58,87,92,90,455,,
#0829,꼬모카,풀,,,40,40,60,40,60,10,250,,
#0830,백솜모카,풀,,,60,50,90,80,120,60,460,,
#0831,우르,노말,,,42,40,55,40,45,48,270,,
#0832,배우르,노말,,,72,80,100,60,90,88,490,,
#0833,깨물부기,물,,,50,64,50,38,38,44,284,,
#0834,갈가부기,물,바위,,90,115,90,48,68,74,485,,
#0835,멍파치,전기,,,59,45,50,40,50,26,270,,
#0836,펄스멍,전기,,,69,90,60,90,60,121,490,,
#0837,탄동,바위,,,30,40,50,40,50,30,240,,
#0838,탄차곤,바위,불꽃,,80,60,90,60,70,50,410,,
#0839,석탄산,바위,불꽃,,110,80,120,80,90,30,510,,
#0840,과사삭벌레,풀,드래곤,,40,40,80,40,40,20,260,,
#0841,애프룡,풀,드래곤,,70,110,80,95,60,70,485,,
#0842,단지래플,풀,드래곤,,110,85,80,100,80,30,485,,
#0843,모래뱀,땅,,,52,57,75,35,50,46,315,,
#0844,사다이사,땅,,,72,107,125,65,70,71,510,,
#0845,윽우지,비행,물,,70,85,55,85,95,85,475,,
#0846,찌로꼬치,물,,,41,63,40,40,30,66,280,,
#0847,꼬치조,물,,,61,123,60,60,50,136,490,,
#0848,일레즌,전기,독,,40,38,35,54,35,40,242,,
#0849,스트린더,전기,독,,75,98,70,114,70,75,502,,
#0850,태우지네,불꽃,벌레,,50,65,45,50,50,45,305,,
#0851,다태우지네,불꽃,벌레,,100,115,65,90,90,65,525,,
#0852,때때무노,격투,,,50,68,60,50,50,32,310,,
#0853,케오퍼스,격투,,,80,118,90,70,80,42,480,,
#0854,데인차,고스트,,,40,45,45,74,54,50,308,,
#0855,포트데스,고스트,,,60,65,65,134,114,70,508,,
#0856,몸지브림,에스퍼,,,42,30,45,56,53,39,265,,
#0857,손지브림,에스퍼,,,57,40,65,86,73,49,370,,
#0858,브리무음,에스퍼,페어리,,57,90,95,136,103,29,510,,
#0859,메롱꿍,악,페어리,,45,45,30,55,40,50,265,,
#0860,쏘겨모,악,페어리,,65,60,45,75,55,70,370,,
#0861,오롱털,악,페어리,,95,120,65,95,75,60,510,,
#0862,가로막구리,악,노말,,93,90,101,60,81,95,520,,
#0863,나이킹,강철,,,70,110,100,50,60,50,440,,
#0864,산호르곤,고스트,,,60,95,50,145,130,30,510,,
#0865,창파나이트,격투,,,62,135,95,68,82,65,507,,
#0866,마임꽁꽁,얼음,에스퍼,,80,85,75,110,100,70,520,,
#0867,데스판,땅,고스트,,58,95,145,50,105,30,483,,
#0868,마빌크,페어리,,,45,40,40,50,61,34,270,,
#0869,마휘핑,페어리,,,65,60,75,110,121,64,495,,
#0870,대여르,격투,,,65,100,100,70,60,75,470,,
#0871,찌르성게,전기,,,48,101,95,91,85,15,435,,
#0872,누니머기,얼음,벌레,,30,25,35,45,30,20,185,,
#0873,모스노우,얼음,벌레,,70,65,60,125,90,65,475,,
#0874,돌헨진,바위,,,100,125,135,20,20,70,470,,
#0875,빙큐보,얼음,,,75,80,110,65,90,50,470,,
#0876,에써르,에스퍼,노말,,60,65,55,105,95,95,475,,
#0877,모르페코,전기,악,,58,95,58,70,58,97,436,,
#0878,끼리동,강철,,,72,80,49,40,49,40,330,,
#0879,대왕끼리동,강철,,,122,130,69,80,69,30,500,,
#0880,파치래곤,전기,드래곤,,90,100,90,80,70,75,505,,
#0881,파치르돈,전기,얼음,,90,100,90,90,80,55,505,,
#0882,어래곤,물,드래곤,,90,90,100,70,80,75,505,,
#0883,어치르돈,물,얼음,,90,90,100,80,90,55,505,,
#0884,두랄루돈,강철,드래곤,,70,95,115,120,50,85,535,,
#0885,드라꼰,드래곤,고스트,,28,60,30,40,30,82,270,,
#0886,드래런치,드래곤,고스트,,68,80,50,60,50,102,410,,
#0887,드래펄트,드래곤,고스트,,88,120,75,100,75,142,600,,
#0888,자시안,페어리,,,92,120,115,80,115,138,660,,
#0888,자시안,페어리,강철,,92,120,115,80,115,138,660,,
#0889,자마젠타,격투,,,92,120,115,80,115,138,660,,
#0889,자마젠타,격투,강철,,92,120,115,80,115,138,660,,
#0890,무한다이노,독,드래곤,,140,85,95,145,95,130,690,,
#0891,치고마,격투,,,60,90,60,53,50,72,385,,
#0892,우라오스,격투,악,,100,130,100,63,60,97,550,,
#0892,우라오스,격투,물,,100,130,100,63,60,97,550,,
#0893,자루도,악,풀,,105,120,105,70,95,105,600,,
#0894,레지에레키,전기,,,80,100,50,100,50,200,580,,
#0895,레지드래고,드래곤,,,200,100,50,100,50,80,580,,
#0896,블리자포스,얼음,,,100,145,130,65,110,30,580,,
#0897,레이스포스,고스트,,,100,65,60,145,80,130,580,,
#0898,버드렉스,에스퍼,풀,,100,80,80,80,80,80,500,,
#0898,버드렉스,에스퍼,얼음,,100,80,80,80,80,80,500,,
#0898,버드렉스,에스퍼,고스트,,100,80,80,80,80,80,500,,
#0899,신비록,노말,에스퍼,,103,105,72,105,75,65,525,,
#0900,사마자르,벌레,바위,,70,135,95,45,70,85,500,,
#0901,다투곰,땅,노말,,130,140,105,45,80,50,550,,
#0901,다투곰,땅,노말,,130,140,105,45,80,50,550,,
#0902,대쓰여너,물,고스트,,120,112,65,80,75,78,530,,
#0903,포푸니크,격투,독,,80,130,60,40,80,120,510,,
#0904,장침바루,악,독,,85,115,95,65,65,85,510,,
#0905,러브로스,페어리,비행,,74,115,70,135,80,106,580,,
#0905,러브로스,페어리,비행,,74,115,70,135,80,106,580,,
#0906,나오하,풀,,,40,61,54,45,45,65,310,,
#0907,나로테,풀,,,61,80,63,60,63,83,410,,
#0908,마스카나,풀,악,,76,110,70,81,70,123,530,,
#0909,뜨아거,불꽃,,,67,45,59,63,40,36,310,,
#0910,악뜨거,불꽃,,,81,55,78,90,58,49,411,,
#0911,라우드본,불꽃,고스트,,104,75,100,110,75,66,530,,
#0912,꾸왁스,물,,,55,65,45,50,45,50,310,,
#0913,아꾸왁,물,,,70,85,65,65,60,65,410,,
#0914,웨이니발,물,격투,,85,120,80,85,75,85,530,,
#0915,맛보돈,노말,,,54,45,40,35,45,35,254,,
#0916,퍼퓨돈,노말,,,110,100,75,59,80,65,489,,
#0917,타랜툴라,벌레,,,35,41,45,29,40,20,210,,
#0918,트래피더,벌레,,,60,79,92,52,86,35,404,,
#0919,콩알뚜기,벌레,,,33,46,40,21,25,45,210,,
#0920,엑스레그,벌레,악,,71,102,78,52,55,92,450,,
#0921,빠모,전기,,,45,50,20,40,25,60,240,,
#0922,빠모트,전기,격투,,60,75,40,50,40,85,350,,
#0923,빠르모트,전기,격투,,70,115,70,70,60,105,490,,
#0924,두리쥐,노말,,,50,50,45,40,45,75,305,,
#0925,파밀리쥐,노말,,,74,75,70,65,75,111,470,,
#0926,쫀도기,페어리,,,37,55,70,30,55,65,312,,
#0927,바우첼,페어리,,,57,80,115,50,80,95,477,,
#0928,미니브,풀,노말,,41,35,45,58,51,30,260,,
#0929,올리뇨,풀,노말,,52,53,60,78,78,33,354,,
#0930,올리르바,풀,노말,,78,69,90,125,109,39,510,,
#0931,시비꼬,노말,비행,,82,96,51,45,51,92,417,,
#0932,베베솔트,바위,,,55,55,75,35,35,25,280,,
#0933,스태솔트,바위,,,60,60,100,35,65,35,355,,
#0934,콜로솔트,바위,,,100,100,130,45,90,35,500,,
#0935,카르본,불꽃,,,40,50,40,50,40,35,255,,
#0936,카디나르마,불꽃,에스퍼,,85,60,100,125,80,75,525,,
#0937,파라블레이즈,불꽃,고스트,,75,125,80,60,100,85,525,,
#0938,빈나두,전기,,,61,31,41,59,35,45,272,,
#0939,찌리배리,전기,,,109,64,91,103,83,45,495,,
#0940,찌리비,전기,비행,,40,40,35,55,40,70,280,,
#0941,찌리비크,전기,비행,,70,70,60,105,60,125,490,,
#0942,오라티프,악,,,60,78,60,40,51,51,340,,
#0943,마피티프,악,,,80,120,90,60,70,85,505,,
#0944,땃쭈르,독,노말,,40,65,35,40,35,75,290,,
#0945,태깅구르,독,노말,,63,95,65,80,72,110,485,,
#0946,그푸리,풀,고스트,,40,65,30,45,35,60,275,,
#0947,공푸리,풀,고스트,,55,115,70,80,70,90,480,,
#0948,들눈해,땅,풀,,40,40,35,50,100,70,335,,
#0949,육파리,땅,풀,,80,70,65,80,120,100,515,,
#0950,절벼게,바위,,,70,100,115,35,55,75,450,,
#0951,캡싸이,풀,,,50,62,40,62,40,50,304,,
#0952,스코빌런,풀,불꽃,,65,108,65,108,65,75,486,,
#0953,구르데,벌레,,,41,50,60,31,58,30,270,,
#0954,베라카스,벌레,에스퍼,,75,50,85,115,100,45,470,,
#0955,하느라기,에스퍼,,,30,35,30,55,30,75,255,,
#0956,클레스퍼트라,에스퍼,,,95,60,60,101,60,105,481,,
#0957,어리짱,페어리,강철,,50,45,45,35,64,58,297,,
#0958,벼리짱,페어리,강철,,65,55,55,45,82,78,380,,
#0959,두드리짱,페어리,강철,,85,75,77,70,105,94,506,,
#0960,바다그다,물,,,10,55,25,35,25,95,245,,
#0961,바닥트리오,물,,,35,100,50,50,70,120,425,,
#0962,떨구새,비행,악,,70,103,85,60,85,82,485,,
#0963,맨돌핀,물,,,70,45,40,45,40,75,315,,
#0964,돌핀맨,물,,,100,70,72,53,62,100,457,,
#0964,돌핀맨,물,,,100,70,72,53,62,100,457,,
#0965,부르롱,독,강철,,45,70,63,30,45,47,300,,
#0966,부르르룸,독,강철,,80,119,90,54,67,90,500,,
#0967,모토마,드래곤,노말,,70,95,65,85,65,121,501,,
#0968,꿈트렁,강철,,,70,85,145,60,55,65,480,,
#0969,초롱순,바위,독,,48,35,42,105,60,60,350,,
#0970,킬라플로르,바위,독,,83,55,90,130,81,86,525,,
#0971,망망이,고스트,,,50,61,60,30,55,34,290,,
#0972,묘두기,고스트,,,72,101,100,50,97,68,488,,
#0973,꼬이밍고,비행,격투,,82,115,74,75,64,90,500,,
#0974,터벅고래,얼음,,,108,68,45,30,40,43,334,,
#0975,우락고래,얼음,,,170,113,65,45,55,73,521,,
#0976,가비루사,물,에스퍼,,90,102,73,78,65,70,478,,
#0977,어써러셔,물,,,150,100,115,65,65,35,530,,
#0978,싸리용,드래곤,물,,68,50,60,120,95,82,475,,
#0979,저승갓숭,격투,고스트,,110,115,80,50,90,90,535,,
#0980,토오,독,땅,,130,75,60,45,100,20,430,,
#0981,키키링,노말,에스퍼,,120,90,70,110,70,60,520,,
#0982,노고고치,노말,,,125,100,80,85,75,55,520,,
#0983,대도각참,악,강철,,100,135,120,60,85,50,550,,
#0984,위대한엄니,땅,격투,,115,131,131,53,53,87,570,,
#0985,우렁찬꼬리,페어리,에스퍼,,115,65,99,65,115,111,570,,
#0986,사나운버섯,풀,악,,111,127,99,79,99,55,570,,
#0987,날개치는머리,고스트,페어리,,55,55,55,135,135,135,570,,
#0988,땅을기는날개,벌레,격투,,85,135,79,85,105,81,570,,
#0989,모래털가죽,전기,땅,,85,81,97,121,85,101,570,,
#0990,무쇠바퀴,땅,강철,,90,112,120,72,70,106,570,,
#0991,무쇠보따리,얼음,물,,56,80,114,124,60,136,570,,
#0992,무쇠손,격투,전기,,154,140,108,50,68,50,570,,
#0993,무쇠머리,악,비행,,94,80,86,122,80,108,570,,
#0994,무쇠독나방,불꽃,독,,80,70,60,140,110,110,570,,
#0995,무쇠가시,바위,전기,,100,134,110,70,84,72,570,,
#0996,드니차,드래곤,얼음,,65,75,45,35,45,55,320,,
#0997,드니꽁,드래곤,얼음,,90,95,66,45,65,62,423,,
#0998,드닐레이브,드래곤,얼음,,115,145,92,75,86,87,600,,
#0999,모으령,고스트,,,45,30,70,75,70,10,300,,
#1000,타부자고,강철,고스트,,87,60,95,133,91,84,550,,
#1001,총지엔,악,풀,,85,85,100,95,135,70,570,,
#1002,파오젠,악,얼음,,80,120,80,90,65,135,570,,
#1003,딩루,악,땅,,155,110,125,55,80,45,570,,
#1004,위유이,악,불꽃,,55,80,80,135,120,100,570,,
#1005,고동치는달,드래곤,악,,105,139,71,55,101,119,590,,
#1006,무쇠무인,페어리,격투,,74,130,90,120,60,116,590,,
#1007,코라이돈,격투,드래곤,,100,135,115,85,100,135,670,,
#1008,미라이돈,전기,드래곤,,100,85,100,135,115,135,670,,
#1009,굽이치는물결,물,드래곤,,99,83,91,125,83,109,590,,
#1010,무쇠잎새,풀,에스퍼,,90,130,88,70,108,104,590,,
#1011,과미르,풀,드래곤,,80,80,110,95,80,40,485,,
#1012,차데스,풀,고스트,,40,45,45,74,54,50,308,,
#1013,그우린차,풀,고스트,,71,60,106,121,80,70,508,,
#1014,조타구,독,격투,,88,128,115,58,86,80,555,,
#1015,이야후,독,에스퍼,,88,75,66,130,90,106,555,,
#1016,기로치,독,페어리,,88,91,82,70,125,99,555,,
#1017,오거폰,풀,,,80,120,84,60,96,110,550,,
#1017,오거폰,풀,물,,80,120,84,60,96,110,550,,
#1017,오거폰,풀,불꽃,,80,120,84,60,96,110,550,,
#1017,오거폰,풀,바위,,80,120,84,60,96,110,550,,
#1018,브리두라스,강철,드래곤,,90,105,130,125,65,85,600,,
#1019,과미드라,풀,드래곤,,106,80,110,120,80,44,540,,
#1020,꿰뚫는화염,불꽃,드래곤,,105,115,121,65,93,91,590,,
#1021,날뛰는우레,전기,드래곤,,125,73,91,137,89,75,590,,
#1022,무쇠암석,바위,에스퍼,,90,120,80,68,108,124,590,,
#1023,무쇠감투,강철,에스퍼,,90,72,100,122,108,98,590,,
#1024,테라파고스,노말,,,90,65,85,65,85,60,450,,
#1025,복숭악동,독,고스트,,88,88,160,88,88,88,600,,
